predictor_label,term,cuisine_group,cuisine_label,k_models,consensus_mean,consensus_median,q025,q975,p_pos,p_neg,cred_status
Social Conservatism,social_c,Consecrated,French,5,0.027832753216222552,0.027072941666666656,-0.09327560895833331,0.15154940834999997,0.67155,0.32845,Spans Zero (< 95% Mass)
Social Conservatism,social_c,Consecrated,Japanese,5,0.07885373322413305,0.07861065749999999,-0.035719991249999986,0.19365367398333316,0.9128,0.0872,Spans Zero (< 95% Mass)
Social Conservatism,social_c,Consecrated,Swedish,5,0.14516189238231655,0.14443884999999998,0.03417552125,0.2584070114999999,0.99495,0.00505,Credibly Positive (≥ 95% Mass)
Social Conservatism,social_c,Intermediate,Italian,5,0.18268855795318328,0.18247529034166668,0.0675369675,0.30058873871666664,0.9992,8e-4,Credibly Positive (≥ 95% Mass)
Social Conservatism,social_c,Intermediate,Korean,5,0.14423395602936892,0.14419603083333332,0.033835030108333324,0.25603838418749986,0.9942,0.0058,Credibly Positive (≥ 95% Mass)
Social Conservatism,social_c,Intermediate,Lebanese,5,0.21242337052371224,0.2126945672666667,0.09665703125,0.32929693041666663,0.99985,1.5e-4,Credibly Positive (≥ 95% Mass)
Social Conservatism,social_c,Intermediate,Moroccan,5,0.1585635454753068,0.15842642499999998,0.04467766666666667,0.2730161307441666,0.99715,0.00285,Credibly Positive (≥ 95% Mass)
Social Conservatism,social_c,Intermediate,Peruvian,5,0.19808420199640353,0.19807446666666667,0.08481285337916665,0.31323277720583337,0.99985,1.5e-4,Credibly Positive (≥ 95% Mass)
Social Conservatism,social_c,Intermediate,Vietnamese,5,0.16848574607475508,0.1683284911416667,0.05472061112500001,0.2832725716333333,0.99815,0.00185,Credibly Positive (≥ 95% Mass)
Social Conservatism,social_c,Subaltern,Ethiopian,5,0.17379919761387191,0.1739865683333333,0.055559503425000004,0.29225953499999996,0.9986,0.0014,Credibly Positive (≥ 95% Mass)
Social Conservatism,social_c,Subaltern,Jamaican,5,0.2096140697951423,0.21003679993000002,0.09015790896249999,0.32957690300833326,0.9997,3e-4,Credibly Positive (≥ 95% Mass)
Social Conservatism,social_c,Subaltern,Mexican,5,0.2083770872256482,0.20850798433333334,0.091049824475,0.32784033363666654,1,0,Credibly Positive (≥ 95% Mass)
Social Conservatism,social_c,Subaltern,Native American,5,0.29882610707350754,0.2991738,0.16400880085,0.43143436109666666,1,0,Credibly Positive (≥ 95% Mass)
Social Conservatism,social_c,Subaltern,Nigerian,5,0.18335985892323953,0.18391349683333333,0.06115668250749999,0.3044903536291664,0.99845,0.00155,Credibly Positive (≥ 95% Mass)
Social Conservatism,social_c,Subaltern,Pakistani,5,0.22037044043055015,0.22053663783333333,0.09844044302499999,0.34352614208333315,0.9998,2e-4,Credibly Positive (≥ 95% Mass)
Economic Conservatism,economic_c,Consecrated,French,5,-0.009396149081192719,-0.009618333333333336,-0.12201800362500001,0.10431440875249999,0.43045,0.56955,Spans Zero (< 95% Mass)
Economic Conservatism,economic_c,Consecrated,Japanese,5,9.244388603810642e-4,5.712029999999993e-4,-0.11006513236249998,0.11225613291666633,0.5043,0.4957,Spans Zero (< 95% Mass)
Economic Conservatism,economic_c,Consecrated,Swedish,5,-0.05626473296926415,-0.055526575,-0.16958446342083333,0.05385112817999995,0.15955,0.84045,Spans Zero (< 95% Mass)
Economic Conservatism,economic_c,Intermediate,Italian,5,-0.053386086658454755,-0.0531299185,-0.1649977080791667,0.055498111599999914,0.16765,0.83235,Spans Zero (< 95% Mass)
Economic Conservatism,economic_c,Intermediate,Korean,5,-0.00872457843595461,-0.009140758833333335,-0.11593837929333332,0.1007531189333331,0.43195,0.56805,Spans Zero (< 95% Mass)
Economic Conservatism,economic_c,Intermediate,Lebanese,5,-0.03559269989847481,-0.03553450916666667,-0.14373175567916666,0.07219750902124987,0.2583,0.7417,Spans Zero (< 95% Mass)
Economic Conservatism,economic_c,Intermediate,Moroccan,5,-0.02597076109764004,-0.025826282516666667,-0.13457170618066666,0.08154724079999955,0.3156,0.6844,Spans Zero (< 95% Mass)
Economic Conservatism,economic_c,Intermediate,Peruvian,5,-0.02669079771556045,-0.026627308166666665,-0.1344865308475,0.08102309960083325,0.30845,0.69155,Spans Zero (< 95% Mass)
Economic Conservatism,economic_c,Intermediate,Vietnamese,5,-0.03899212650081058,-0.03874142215,-0.14814058687916665,0.06788047425749985,0.23325,0.76675,Spans Zero (< 95% Mass)
Economic Conservatism,economic_c,Subaltern,Ethiopian,5,-0.03408148533816617,-0.03404182783333333,-0.1429958355395833,0.07389015445833329,0.2668,0.7332,Spans Zero (< 95% Mass)
Economic Conservatism,economic_c,Subaltern,Jamaican,5,-0.02929934494163203,-0.02925041295,-0.1374718778625,0.07964393374999966,0.2999,0.7001,Spans Zero (< 95% Mass)
Economic Conservatism,economic_c,Subaltern,Mexican,5,-0.022395026134386882,-0.022754254416666668,-0.13072717857,0.0887509025708332,0.3407,0.6593,Spans Zero (< 95% Mass)
Economic Conservatism,economic_c,Subaltern,Native American,5,-0.06820259462866937,-0.06798017283333332,-0.18960988208333332,0.04943764064999979,0.13085,0.86915,Spans Zero (< 95% Mass)
Economic Conservatism,economic_c,Subaltern,Nigerian,5,-0.02328583963368418,-0.023529657866666668,-0.133347528275,0.08897203085833309,0.33785,0.66215,Spans Zero (< 95% Mass)
Economic Conservatism,economic_c,Subaltern,Pakistani,5,-0.05430686249553724,-0.053973120400000005,-0.16958069875,0.05864556066666664,0.17445,0.82555,Spans Zero (< 95% Mass)
Educational Attainment,educ_c,Consecrated,French,5,0.09433331924089151,0.09461040583333333,0.013449030587083332,0.17364550703833326,0.99015,0.00985,Credibly Positive (≥ 95% Mass)
Educational Attainment,educ_c,Consecrated,Japanese,5,0.09421042228937132,0.09418475833333334,0.015019977808333335,0.17303758262499994,0.9903,0.0097,Credibly Positive (≥ 95% Mass)
Educational Attainment,educ_c,Consecrated,Swedish,5,0.13799724136621477,0.13995449366666668,0.044926695375,0.22186313663749993,0.9982,0.0018,Credibly Positive (≥ 95% Mass)
Educational Attainment,educ_c,Intermediate,Italian,5,0.14400469382376843,0.14876704566666665,0.031194638333333333,0.2359524091666666,0.9948,0.0052,Credibly Positive (≥ 95% Mass)
Educational Attainment,educ_c,Intermediate,Korean,5,0.08532649429815052,0.08587482451666667,0.0017027139995833412,0.16526807699999996,0.9769,0.0231,Credibly Positive (≥ 95% Mass)
Educational Attainment,educ_c,Intermediate,Lebanese,5,0.09592319655683872,0.098023485,-8.902729999999994e-4,0.18118933258333317,0.974,0.026,Credibly Positive (≥ 95% Mass)
Educational Attainment,educ_c,Intermediate,Moroccan,5,0.06665205069074252,0.06770181666666666,-0.020872226374999997,0.1485414286666666,0.9367,0.0633,Spans Zero (< 95% Mass)
Educational Attainment,educ_c,Intermediate,Peruvian,5,0.11216955896867212,0.11417375416666667,0.019341253541666662,0.19662227524999984,0.9911,0.0089,Credibly Positive (≥ 95% Mass)
Educational Attainment,educ_c,Intermediate,Vietnamese,5,0.10323939169225307,0.10462999232,0.013234121474583341,0.18471796749999997,0.9863,0.0137,Credibly Positive (≥ 95% Mass)
Educational Attainment,educ_c,Subaltern,Ethiopian,5,0.06897104393975072,0.07039138316666667,-0.021636696362500003,0.15079433749999968,0.9328,0.0672,Spans Zero (< 95% Mass)
Educational Attainment,educ_c,Subaltern,Jamaican,5,0.10219068823970924,0.10457952225,0.0020309031250000005,0.18837134762499996,0.9778,0.0222,Credibly Positive (≥ 95% Mass)
Educational Attainment,educ_c,Subaltern,Mexican,5,0.14216152762361878,0.147597325,0.026772231158333326,0.23351139083333317,0.99285,0.00715,Credibly Positive (≥ 95% Mass)
Educational Attainment,educ_c,Subaltern,Native American,5,0.18497756384519037,0.193609219,0.04695379266666667,0.2885836537333333,0.99825,0.00175,Credibly Positive (≥ 95% Mass)
Educational Attainment,educ_c,Subaltern,Nigerian,5,0.05323209432507287,0.0546972245,-0.039872224791666674,0.13890855530499988,0.87885,0.12115,Spans Zero (< 95% Mass)
Educational Attainment,educ_c,Subaltern,Pakistani,5,0.09360355025236756,0.095530305,-6.763786666666797e-5,0.1764543096916665,0.97495,0.02505,Credibly Positive (≥ 95% Mass)
Parental Education,peduc_c,Consecrated,French,5,0.006936772463172089,0.0065546058333333275,-0.06970438849166667,0.08367728616666666,0.56635,0.43365,Spans Zero (< 95% Mass)
Parental Education,peduc_c,Consecrated,Japanese,5,0.008651127370219744,0.008413775166666665,-0.06679499135416667,0.08611671541666659,0.5847,0.4153,Spans Zero (< 95% Mass)
Parental Education,peduc_c,Consecrated,Swedish,5,-0.029797510391050712,-0.029585544166666665,-0.10439214958333334,0.04339352514999998,0.21205,0.78795,Spans Zero (< 95% Mass)
Parental Education,peduc_c,Intermediate,Italian,5,-0.027018321328809616,-0.026959869166666664,-0.10176171532916665,0.04764197074999983,0.23595,0.76405,Spans Zero (< 95% Mass)
Parental Education,peduc_c,Intermediate,Korean,5,-0.016110412123687908,-0.016259424366666664,-0.09025017793083334,0.05827813304999994,0.33205,0.66795,Spans Zero (< 95% Mass)
Parental Education,peduc_c,Intermediate,Lebanese,5,-0.05269898070461588,-0.05251759166666667,-0.12848000913291666,0.02228397734358324,0.0809,0.9191,Spans Zero (< 95% Mass)
Parental Education,peduc_c,Intermediate,Moroccan,5,-0.0466287980184191,-0.04647137566666666,-0.12139366030666666,0.02701510140499987,0.10975,0.89025,Spans Zero (< 95% Mass)
Parental Education,peduc_c,Intermediate,Peruvian,5,-0.04496260517208776,-0.0447398305,-0.12058816341666666,0.02836462039833329,0.1177,0.8823,Spans Zero (< 95% Mass)
Parental Education,peduc_c,Intermediate,Vietnamese,5,-0.045072017863034,-0.04493336666666667,-0.12008117641666667,0.02768576395499984,0.11355,0.88645,Spans Zero (< 95% Mass)
Parental Education,peduc_c,Subaltern,Ethiopian,5,-0.05409277858468296,-0.05389574555,-0.13071584753749999,0.02026268184916657,0.0792,0.9208,Spans Zero (< 95% Mass)
Parental Education,peduc_c,Subaltern,Jamaican,5,-0.05285039472576033,-0.05258889341666667,-0.12907928341666666,0.02200674909999996,0.08445,0.91555,Spans Zero (< 95% Mass)
Parental Education,peduc_c,Subaltern,Mexican,5,-0.026220159331218216,-0.025857046733333337,-0.10068298104166666,0.04932983237666655,0.24545,0.75455,Spans Zero (< 95% Mass)
Parental Education,peduc_c,Subaltern,Native American,5,-0.05827369188396134,-0.057851118916666666,-0.13774474309583334,0.019452649172499923,0.07145,0.92855,Spans Zero (< 95% Mass)
Parental Education,peduc_c,Subaltern,Nigerian,5,-0.05177376778099801,-0.05156128166666667,-0.12785285833333332,0.02444370491416659,0.08985,0.91015,Spans Zero (< 95% Mass)
Parental Education,peduc_c,Subaltern,Pakistani,5,-0.047472684532360414,-0.047380529308333336,-0.12320187966666668,0.026778462041666624,0.1069,0.8931,Spans Zero (< 95% Mass)
Childhood Arts Exposure,arts_c,Consecrated,French,5,-0.08210457564576605,-0.08217803416666666,-0.15890941005000003,-0.0039692191800000465,0.0191,0.9809,Credibly Negative (≥ 95% Mass)
Childhood Arts Exposure,arts_c,Consecrated,Japanese,5,-0.11506965882200701,-0.115389626025,-0.192485895375,-0.036223531508333434,0.00185,0.99815,Credibly Negative (≥ 95% Mass)
Childhood Arts Exposure,arts_c,Consecrated,Swedish,5,-0.019004254426799802,-0.017561224166666667,-0.10907647333333333,0.06626013802749937,0.34675,0.65325,Spans Zero (< 95% Mass)
Childhood Arts Exposure,arts_c,Intermediate,Italian,5,0.009251371139270497,0.012685501166666668,-0.09895515808333333,0.10241069583333327,0.5996,0.4004,Spans Zero (< 95% Mass)
Childhood Arts Exposure,arts_c,Intermediate,Korean,5,-0.0915677261385525,-0.0915553375,-0.17008967326250002,-0.01370229076333339,0.0114,0.9886,Credibly Negative (≥ 95% Mass)
Childhood Arts Exposure,arts_c,Intermediate,Lebanese,5,-0.04162789501132482,-0.04093225833333333,-0.12949937729166666,0.045109309833333264,0.1751,0.8249,Spans Zero (< 95% Mass)
Childhood Arts Exposure,arts_c,Intermediate,Moroccan,5,-0.05541885364078808,-0.05530605603333333,-0.13784504829166666,0.026786182140249956,0.0931,0.9069,Spans Zero (< 95% Mass)
Childhood Arts Exposure,arts_c,Intermediate,Peruvian,5,-0.05413805400059327,-0.05354584216666666,-0.139642317225,0.02946304201124978,0.10665,0.89335,Spans Zero (< 95% Mass)
Childhood Arts Exposure,arts_c,Intermediate,Vietnamese,5,-0.03393447020174141,-0.032732583583333336,-0.12245533816666668,0.050746776987083325,0.22635,0.77365,Spans Zero (< 95% Mass)
Childhood Arts Exposure,arts_c,Subaltern,Ethiopian,5,-0.045136337855462005,-0.04452239714166667,-0.13333921916666666,0.040648206581666596,0.14995,0.85005,Spans Zero (< 95% Mass)
Childhood Arts Exposure,arts_c,Subaltern,Jamaican,5,-0.04320585658608829,-0.041983177175,-0.13522228191666666,0.04353238537499963,0.1716,0.8284,Spans Zero (< 95% Mass)
Childhood Arts Exposure,arts_c,Subaltern,Mexican,5,-0.036008947894496435,-0.03357192283333333,-0.13659350754166666,0.05551061458333329,0.2392,0.7608,Spans Zero (< 95% Mass)
Childhood Arts Exposure,arts_c,Subaltern,Native American,5,0.009746810173827197,0.01595550533333333,-0.11285531225,0.10958034596249996,0.60285,0.39715,Spans Zero (< 95% Mass)
Childhood Arts Exposure,arts_c,Subaltern,Nigerian,5,-0.040366301706083144,-0.0397203,-0.12893561421441668,0.046610495362499955,0.18565,0.81435,Spans Zero (< 95% Mass)
Childhood Arts Exposure,arts_c,Subaltern,Pakistani,5,-0.0528759159318992,-0.05265183561666667,-0.13900440516666665,0.03115116093833331,0.11405,0.88595,Spans Zero (< 95% Mass)
Adult Highbrow Arts Attendance,highbrow_arts_c,Consecrated,French,1,-0.03886581445310642,-0.038955933333333324,-0.13238682791666664,0.05541326541666669,0.208,0.792,Spans Zero (< 95% Mass)
Adult Highbrow Arts Attendance,highbrow_arts_c,Consecrated,Japanese,1,-0.030427613888106417,-0.031359241666666676,-0.11612304875,0.06236673933333337,0.2575,0.7425,Spans Zero (< 95% Mass)
Adult Highbrow Arts Attendance,highbrow_arts_c,Consecrated,Swedish,1,0.09967979182719358,0.09877345000000001,0.01046651024999999,0.19174460083333336,0.9875,0.0125,Credibly Positive (≥ 95% Mass)
Adult Highbrow Arts Attendance,highbrow_arts_c,Intermediate,Italian,1,0.20128248492789358,0.20159793916666668,0.10745361333333332,0.29453434458333333,1,0,Credibly Positive (≥ 95% Mass)
Adult Highbrow Arts Attendance,highbrow_arts_c,Intermediate,Korean,1,0.04957996199961858,0.0486057,-0.037070085416666676,0.13879548783333334,0.86075,0.13925,Spans Zero (< 95% Mass)
Adult Highbrow Arts Attendance,highbrow_arts_c,Intermediate,Lebanese,1,0.12465405118046859,0.12459836666666665,0.03683973125,0.21191502666666673,0.99925,7.5e-4,Credibly Positive (≥ 95% Mass)
Adult Highbrow Arts Attendance,highbrow_arts_c,Intermediate,Moroccan,1,0.08835870336680109,0.08763435480000001,7.207155000000026e-4,0.17429294045833335,0.97575,0.02425,Credibly Positive (≥ 95% Mass)
Adult Highbrow Arts Attendance,highbrow_arts_c,Intermediate,Peruvian,1,0.08393903455294359,0.08363467499999999,-0.0031958287499999983,0.17439012375000004,0.9685,0.0315,Credibly Positive (≥ 95% Mass)
Adult Highbrow Arts Attendance,highbrow_arts_c,Intermediate,Vietnamese,1,0.07295401085416858,0.07320644583333333,-0.014877799583333334,0.16258489574999999,0.94975,0.05025,Spans Zero (< 95% Mass)
Adult Highbrow Arts Attendance,highbrow_arts_c,Subaltern,Ethiopian,1,0.10120120715182233,0.10142161166666666,0.012646106916666658,0.18814824237500005,0.986,0.014,Credibly Positive (≥ 95% Mass)
Adult Highbrow Arts Attendance,highbrow_arts_c,Subaltern,Jamaican,1,0.11811773573030108,0.11735234166666665,0.030634029666666666,0.20739745458333333,0.99625,0.00375,Credibly Positive (≥ 95% Mass)
Adult Highbrow Arts Attendance,highbrow_arts_c,Subaltern,Mexican,1,0.1841431296125436,0.1841347916666667,0.09330646250000002,0.27405422837500004,0.99975,2.5e-4,Credibly Positive (≥ 95% Mass)
Adult Highbrow Arts Attendance,highbrow_arts_c,Subaltern,Native American,1,0.25698582123189356,0.256550685,0.16140441875,0.3507092525833334,1,0,Credibly Positive (≥ 95% Mass)
Adult Highbrow Arts Attendance,highbrow_arts_c,Subaltern,Nigerian,1,0.12092779113454358,0.120872845,0.0313791275,0.2102133316666667,0.99725,0.00275,Credibly Positive (≥ 95% Mass)
Adult Highbrow Arts Attendance,highbrow_arts_c,Subaltern,Pakistani,1,0.10030615008671859,0.100110135,0.012477622500000013,0.18923913416666668,0.99025,0.00975,Credibly Positive (≥ 95% Mass)
Fine Dining Frequency,fancy_rest_c,Consecrated,French,2,0.0729371067779325,0.07263650833333332,-0.034774175000000004,0.18338007352916666,0.894625,0.105375,Spans Zero (< 95% Mass)
Fine Dining Frequency,fancy_rest_c,Consecrated,Japanese,2,0.0567071216106825,0.05617764166666666,-0.06457937999999999,0.1807815666666666,0.773375,0.226625,Spans Zero (< 95% Mass)
Fine Dining Frequency,fancy_rest_c,Consecrated,Swedish,2,0.11082219332067375,0.11036299166666666,0.02719292525,0.19570445749999996,0.99625,0.00375,Credibly Positive (≥ 95% Mass)
Fine Dining Frequency,fancy_rest_c,Intermediate,Italian,2,0.160006088143255,0.16000318000000002,0.06960085283333334,0.25192635499999994,0.999875,1.25e-4,Credibly Positive (≥ 95% Mass)
Fine Dining Frequency,fancy_rest_c,Intermediate,Korean,2,0.0900124732802425,0.08929243,-0.009975861249999995,0.19118940358333325,0.96025,0.03975,Credibly Positive (≥ 95% Mass)
Fine Dining Frequency,fancy_rest_c,Intermediate,Lebanese,2,0.0954448271435925,0.09534507333333334,0.005915920000000003,0.18612813849999998,0.98175,0.01825,Credibly Positive (≥ 95% Mass)
Fine Dining Frequency,fancy_rest_c,Intermediate,Moroccan,2,0.06560542127138812,0.06528629166666668,-0.03955926749999999,0.17360561862499999,0.865875,0.134125,Spans Zero (< 95% Mass)
Fine Dining Frequency,fancy_rest_c,Intermediate,Peruvian,2,0.1106968986252875,0.11044613,0.02093926,0.20148354424999998,0.992,0.008,Credibly Positive (≥ 95% Mass)
Fine Dining Frequency,fancy_rest_c,Intermediate,Vietnamese,2,0.09910754281634,0.099047475,0.004085410999999998,0.19591365125000001,0.979625,0.020375,Credibly Positive (≥ 95% Mass)
Fine Dining Frequency,fancy_rest_c,Subaltern,Ethiopian,2,0.08564485810447,0.085119375,-0.015570429249999993,0.18740845616666665,0.95225,0.04775,Credibly Positive (≥ 95% Mass)
Fine Dining Frequency,fancy_rest_c,Subaltern,Jamaican,2,0.11720540508062124,0.11648210833333333,0.028346639,0.20815758499999998,0.99375,0.00625,Credibly Positive (≥ 95% Mass)
Fine Dining Frequency,fancy_rest_c,Subaltern,Mexican,2,0.1823540351627575,0.182539075,0.0923172775,0.27245551375,1,0,Credibly Positive (≥ 95% Mass)
Fine Dining Frequency,fancy_rest_c,Subaltern,Native American,2,0.20245348886261624,0.20310573333333332,0.092475553,0.31063795,1,0,Credibly Positive (≥ 95% Mass)
Fine Dining Frequency,fancy_rest_c,Subaltern,Nigerian,2,0.0811551865513575,0.080874475,-0.017609763499999997,0.18350807916666662,0.943375,0.056625,Spans Zero (< 95% Mass)
Fine Dining Frequency,fancy_rest_c,Subaltern,Pakistani,2,0.083105946036795,0.0834076,-0.014434261,0.18247678083333335,0.949625,0.050375,Spans Zero (< 95% Mass)
Fast Food Frequency,fast_food_c,Consecrated,French,2,0.07808296215711145,0.07870964999999999,0.004079010262499999,0.14993226249999997,0.98125,0.01875,Credibly Positive (≥ 95% Mass)
Fast Food Frequency,fast_food_c,Consecrated,Japanese,2,0.04488109222548258,0.045215228333333336,-0.021282848625,0.10902239725000001,0.9085,0.0915,Spans Zero (< 95% Mass)
Fast Food Frequency,fast_food_c,Consecrated,Swedish,2,0.06795583088604645,0.0676871,-4.8433008500000003e-4,0.13865809875,0.974375,0.025625,Credibly Positive (≥ 95% Mass)
Fast Food Frequency,fast_food_c,Intermediate,Italian,2,0.05951286512964083,0.059036205,-0.01004052475,0.13158271437499997,0.95475,0.04525,Credibly Positive (≥ 95% Mass)
Fast Food Frequency,fast_food_c,Intermediate,Korean,2,0.04083834843687396,0.04114987083333333,-0.023813526316666667,0.10481332887499994,0.890125,0.109875,Spans Zero (< 95% Mass)
Fast Food Frequency,fast_food_c,Intermediate,Lebanese,2,0.03583747672181771,0.03482492583333333,-0.03174487275,0.10523705500833332,0.85275,0.14725,Spans Zero (< 95% Mass)
Fast Food Frequency,fast_food_c,Intermediate,Moroccan,2,0.02258045849716521,0.02244235,-0.045326865,0.08933004087499999,0.75075,0.24925,Spans Zero (< 95% Mass)
Fast Food Frequency,fast_food_c,Intermediate,Peruvian,2,0.03465806017127333,0.03406785833333334,-0.032446500749999996,0.10217249816666667,0.85225,0.14775,Spans Zero (< 95% Mass)
Fast Food Frequency,fast_food_c,Intermediate,Vietnamese,2,0.027213588889116708,0.02719787716666667,-0.04054202075,0.09387653583333316,0.793375,0.206625,Spans Zero (< 95% Mass)
Fast Food Frequency,fast_food_c,Subaltern,Ethiopian,2,0.016655889862601834,0.016563100000000004,-0.051674142666666666,0.08647802561666666,0.6875,0.3125,Spans Zero (< 95% Mass)
Fast Food Frequency,fast_food_c,Subaltern,Jamaican,2,0.011635127069332084,0.01160005,-0.05713644091666666,0.08080091649999996,0.62825,0.37175,Spans Zero (< 95% Mass)
Fast Food Frequency,fast_food_c,Subaltern,Mexican,2,0.02150878181907696,0.02140905,-0.04787727749999999,0.09250658037500001,0.731,0.269,Spans Zero (< 95% Mass)
Fast Food Frequency,fast_food_c,Subaltern,Native American,2,0.04225060673807396,0.04131600033333334,-0.0354303635,0.12377532416666659,0.848875,0.151125,Spans Zero (< 95% Mass)
Fast Food Frequency,fast_food_c,Subaltern,Nigerian,2,0.018559467326567956,0.017644458333333335,-0.0518563475,0.09047612318333328,0.69975,0.30025,Spans Zero (< 95% Mass)
Fast Food Frequency,fast_food_c,Subaltern,Pakistani,2,0.03195961283844271,0.03105326666666667,-0.038170485,0.10248374424999998,0.818625,0.181375,Spans Zero (< 95% Mass)
Exotic & Authentic Taste,taste_authentic_c,Consecrated,French,2,-0.06084874239337646,-0.06060169666666666,-0.14841197575,0.026556524,0.09025,0.90975,Spans Zero (< 95% Mass)
Exotic & Authentic Taste,taste_authentic_c,Consecrated,Japanese,2,-0.08486964152741396,-0.08478742333333333,-0.15897929412499998,-0.012669797500000031,0.010625,0.989375,Credibly Negative (≥ 95% Mass)
Exotic & Authentic Taste,taste_authentic_c,Consecrated,Swedish,2,-0.0714923730549027,-0.0716166,-0.14535877349999998,0.0019528836249999473,0.028375,0.971625,Credibly Negative (≥ 95% Mass)
Exotic & Authentic Taste,taste_authentic_c,Intermediate,Italian,2,0.0076882948974572925,0.00774088333333333,-0.07228386916666667,0.08599729499999999,0.571,0.428875,Spans Zero (< 95% Mass)
Exotic & Authentic Taste,taste_authentic_c,Intermediate,Korean,2,-0.09920176103968271,-0.09914896749999999,-0.16950294666666665,-0.027741637000000034,0.002,0.998,Credibly Negative (≥ 95% Mass)
Exotic & Authentic Taste,taste_authentic_c,Intermediate,Lebanese,2,-0.09946120299229395,-0.09856258833333334,-0.17002522375,-0.030954175500000045,0.00275,0.99725,Credibly Negative (≥ 95% Mass)
Exotic & Authentic Taste,taste_authentic_c,Intermediate,Moroccan,2,-0.12239586536694021,-0.1227763,-0.19246746500000003,-0.053069508250000036,0,1,Credibly Negative (≥ 95% Mass)
Exotic & Authentic Taste,taste_authentic_c,Intermediate,Peruvian,2,-0.12541217708066896,-0.12557885000000002,-0.19704204208333334,-0.054083063500000014,1.25e-4,0.999875,Credibly Negative (≥ 95% Mass)
Exotic & Authentic Taste,taste_authentic_c,Intermediate,Vietnamese,2,-0.08414286839804146,-0.08405305416666667,-0.15399530170833334,-0.016048409250000003,0.008,0.992,Credibly Negative (≥ 95% Mass)
Exotic & Authentic Taste,taste_authentic_c,Subaltern,Ethiopian,2,-0.1204165141530641,-0.12002764916666667,-0.1907523775,-0.049789226750000005,3.75e-4,0.999625,Credibly Negative (≥ 95% Mass)
Exotic & Authentic Taste,taste_authentic_c,Subaltern,Jamaican,2,-0.10362268884947146,-0.10331156483333333,-0.17441541708333333,-0.03574924762500005,0.00125,0.99875,Credibly Negative (≥ 95% Mass)
Exotic & Authentic Taste,taste_authentic_c,Subaltern,Mexican,2,-0.050869669159507705,-0.05049422666666667,-0.12205434225000002,0.019656309,0.076375,0.923625,Spans Zero (< 95% Mass)
Exotic & Authentic Taste,taste_authentic_c,Subaltern,Native American,2,-0.061570081323265205,-0.061364408333333335,-0.1342555495,0.00960053999999998,0.046,0.954,Credibly Negative (≥ 95% Mass)
Exotic & Authentic Taste,taste_authentic_c,Subaltern,Nigerian,2,-0.13319960052565522,-0.13229785166666666,-0.2068833975,-0.06115190750000008,2.5e-4,0.99975,Credibly Negative (≥ 95% Mass)
Exotic & Authentic Taste,taste_authentic_c,Subaltern,Pakistani,2,-0.11197687569354771,-0.111749675,-0.18345076999999999,-0.04141782527500003,0.001,0.999,Credibly Negative (≥ 95% Mass)
Familiar & Conventional Taste,taste_familiar_c,Consecrated,French,2,0.044747735836251794,0.04459637500000001,-0.0243133525,0.11663996249999997,0.89425,0.10575,Spans Zero (< 95% Mass)
Familiar & Conventional Taste,taste_familiar_c,Consecrated,Japanese,2,0.02337304564484269,0.0233196505,-0.042771132749999996,0.0896765590833333,0.749625,0.250375,Spans Zero (< 95% Mass)
Familiar & Conventional Taste,taste_familiar_c,Consecrated,Swedish,2,0.02013011949044804,0.019629834999999998,-0.05182624449999999,0.09204103479166667,0.69825,0.30175,Spans Zero (< 95% Mass)
Familiar & Conventional Taste,taste_familiar_c,Intermediate,Italian,2,0.015760616764573417,0.016072363,-0.06658729425,0.0968581033333333,0.634375,0.365625,Spans Zero (< 95% Mass)
Familiar & Conventional Taste,taste_familiar_c,Intermediate,Korean,2,0.01874419265079754,0.018351395,-0.054002508825000003,0.09114425816666663,0.685625,0.314375,Spans Zero (< 95% Mass)
Familiar & Conventional Taste,taste_familiar_c,Intermediate,Lebanese,2,0.022236516003558294,0.022084847000000005,-0.056588972499999994,0.10358011624999998,0.6825,0.3175,Spans Zero (< 95% Mass)
Familiar & Conventional Taste,taste_familiar_c,Intermediate,Moroccan,2,0.017193200296126292,0.017508538333333334,-0.06088498225,0.09521587858333323,0.649875,0.350125,Spans Zero (< 95% Mass)
Familiar & Conventional Taste,taste_familiar_c,Intermediate,Peruvian,2,0.02695837617007829,0.02636976158333333,-0.05112653650000001,0.10744635741666667,0.731625,0.268375,Spans Zero (< 95% Mass)
Familiar & Conventional Taste,taste_familiar_c,Intermediate,Vietnamese,2,0.018085012632570167,0.017420605999999998,-0.060995571250000005,0.09688212508333324,0.656375,0.343625,Spans Zero (< 95% Mass)
Familiar & Conventional Taste,taste_familiar_c,Subaltern,Ethiopian,2,0.016400046230042917,0.016049536666666666,-0.06607785225,0.09886137875,0.630375,0.369625,Spans Zero (< 95% Mass)
Familiar & Conventional Taste,taste_familiar_c,Subaltern,Jamaican,2,0.011614160495279168,0.011555505,-0.07472839249999999,0.09770214125916665,0.580875,0.419125,Spans Zero (< 95% Mass)
Familiar & Conventional Taste,taste_familiar_c,Subaltern,Mexican,2,0.011187367360387916,0.010999745,-0.07562769,0.09755352899999999,0.580875,0.419125,Spans Zero (< 95% Mass)
Familiar & Conventional Taste,taste_familiar_c,Subaltern,Native American,2,0.013177256444929166,0.012927385,-0.07995767349999999,0.10833231483333328,0.572875,0.427125,Spans Zero (< 95% Mass)
Familiar & Conventional Taste,taste_familiar_c,Subaltern,Nigerian,2,0.018083925826774542,0.01843302,-0.06707244,0.10217031174999991,0.6335,0.3665,Spans Zero (< 95% Mass)
Familiar & Conventional Taste,taste_familiar_c,Subaltern,Pakistani,2,0.016410285076276666,0.016092478333333333,-0.0654706564025,0.09931199458333331,0.628875,0.371125,Spans Zero (< 95% Mass)
Global Citizen Identity,cosmo_global_c,Consecrated,French,2,-0.024126551207037147,-0.024759049999999998,-0.09539689999999999,0.04551087291666665,0.25825,0.74175,Spans Zero (< 95% Mass)
Global Citizen Identity,cosmo_global_c,Consecrated,Japanese,2,0.020373462354570354,0.020175906666666667,-0.047293028333333334,0.08699841999999997,0.727,0.273,Spans Zero (< 95% Mass)
Global Citizen Identity,cosmo_global_c,Consecrated,Swedish,2,0.027791711542296604,0.02799322,-0.04036431124999999,0.09489287541666663,0.7905,0.2095,Spans Zero (< 95% Mass)
Global Citizen Identity,cosmo_global_c,Intermediate,Italian,2,0.039256001539124105,0.039089193333333334,-0.029432126666666662,0.10852662325,0.869875,0.130125,Spans Zero (< 95% Mass)
Global Citizen Identity,cosmo_global_c,Intermediate,Korean,2,0.023409504533630353,0.02318715,-0.04233542,0.08925257272499998,0.757625,0.242375,Spans Zero (< 95% Mass)
Global Citizen Identity,cosmo_global_c,Intermediate,Lebanese,2,0.04510436720460036,0.04507843583333333,-0.021117017999999998,0.11157386999999999,0.912375,0.087625,Spans Zero (< 95% Mass)
Global Citizen Identity,cosmo_global_c,Intermediate,Moroccan,2,0.027952055843112854,0.02809177833333333,-0.038798781166666664,0.09278852724999997,0.80025,0.19975,Spans Zero (< 95% Mass)
Global Citizen Identity,cosmo_global_c,Intermediate,Peruvian,2,0.038291042813021606,0.038029485,-0.0261160215,0.10481724575,0.878875,0.121125,Spans Zero (< 95% Mass)
Global Citizen Identity,cosmo_global_c,Intermediate,Vietnamese,2,0.03359514759547286,0.033567165,-0.0317285869,0.10013680641666663,0.844,0.156,Spans Zero (< 95% Mass)
Global Citizen Identity,cosmo_global_c,Subaltern,Ethiopian,2,0.0409770274913116,0.04102109,-0.02546898,0.10776589658333331,0.887375,0.112625,Spans Zero (< 95% Mass)
Global Citizen Identity,cosmo_global_c,Subaltern,Jamaican,2,0.0519216812918191,0.05183863333333333,-0.013729774,0.11917080499999999,0.9375,0.0625,Spans Zero (< 95% Mass)
Global Citizen Identity,cosmo_global_c,Subaltern,Mexican,2,0.057390658478107856,0.05712871916666666,-0.009264525083333329,0.12535742958333335,0.953875,0.046125,Credibly Positive (≥ 95% Mass)
Global Citizen Identity,cosmo_global_c,Subaltern,Native American,2,0.08106689808668036,0.08099353000000001,0.008797527375000004,0.15589202354166667,0.986,0.014,Credibly Positive (≥ 95% Mass)
Global Citizen Identity,cosmo_global_c,Subaltern,Nigerian,2,0.054522727224040356,0.0538782,-0.012675848499999993,0.12220183999999999,0.945625,0.054375,Spans Zero (< 95% Mass)
Global Citizen Identity,cosmo_global_c,Subaltern,Pakistani,2,0.0360262836347016,0.03616190333333333,-0.030849274333333333,0.10268213349999998,0.85825,0.14175,Spans Zero (< 95% Mass)
Friendship Network Diversity,network_diversity_c,Consecrated,French,1,0.00749761647191425,0.006829941666666665,-0.06692017041666666,0.08114743625,0.57275,0.42725,Spans Zero (< 95% Mass)
Friendship Network Diversity,network_diversity_c,Consecrated,Japanese,1,0.00101725683966,-7.141666666671959e-6,-0.06832007958333333,0.07355928333333335,0.5,0.5,Spans Zero (< 95% Mass)
Friendship Network Diversity,network_diversity_c,Consecrated,Swedish,1,0.077725556877565,0.0775450575,0.009693876666666662,0.14697541041666667,0.98675,0.01325,Credibly Positive (≥ 95% Mass)
Friendship Network Diversity,network_diversity_c,Intermediate,Italian,1,0.12608635547991,0.12550661666666668,0.05679110708333333,0.20167938083333334,0.99975,2.5e-4,Credibly Positive (≥ 95% Mass)
Friendship Network Diversity,network_diversity_c,Intermediate,Korean,1,0.0241281876754,0.023835265833333334,-0.043108328541666664,0.09393520658333336,0.75,0.25,Spans Zero (< 95% Mass)
Friendship Network Diversity,network_diversity_c,Intermediate,Lebanese,1,0.0599876727900925,0.0596577152,-0.008136355291666666,0.1285239575,0.9575,0.0425,Credibly Positive (≥ 95% Mass)
Friendship Network Diversity,network_diversity_c,Intermediate,Moroccan,1,0.045662150695985,0.04569340000000001,-0.023246647049999996,0.11537656000000002,0.90125,0.09875,Spans Zero (< 95% Mass)
Friendship Network Diversity,network_diversity_c,Intermediate,Peruvian,1,0.045781996554325,0.04508002833333333,-0.021490939499999997,0.11790285541666667,0.90175,0.09825,Spans Zero (< 95% Mass)
Friendship Network Diversity,network_diversity_c,Intermediate,Vietnamese,1,0.056916855902215,0.056237585,-0.011197585750000003,0.12714539083333334,0.9475,0.0525,Spans Zero (< 95% Mass)
Friendship Network Diversity,network_diversity_c,Subaltern,Ethiopian,1,0.04620741676286,0.04600531666666667,-0.024036450125,0.11832479666666666,0.903,0.097,Spans Zero (< 95% Mass)
Friendship Network Diversity,network_diversity_c,Subaltern,Jamaican,1,0.072181802533455,0.07194600333333334,0.0030404258333333375,0.14243620099999998,0.97925,0.02075,Credibly Positive (≥ 95% Mass)
Friendship Network Diversity,network_diversity_c,Subaltern,Mexican,1,0.084475061428635,0.08446374166666668,0.014312703875000008,0.1578592529166667,0.99075,0.00925,Credibly Positive (≥ 95% Mass)
Friendship Network Diversity,network_diversity_c,Subaltern,Native American,1,0.14725793688366,0.14745241250000002,0.07495785458333334,0.22261631583333338,1,0,Credibly Positive (≥ 95% Mass)
Friendship Network Diversity,network_diversity_c,Subaltern,Nigerian,1,0.04947085719921,0.04955239166666667,-0.021719812208333335,0.12345179833333335,0.91475,0.08525,Spans Zero (< 95% Mass)
Friendship Network Diversity,network_diversity_c,Subaltern,Pakistani,1,0.04893389732689775,0.04864686666666666,-0.021180925466666663,0.12185198158333337,0.9125,0.0875,Spans Zero (< 95% Mass)
